insert into Namespace (namespaceid, name, dictionary) values (1, 'String', null) ON CONFLICT DO NOTHING; 
insert into Namespace (namespaceid, name, dictionary) values (2, 'Integer', null) ON CONFLICT DO NOTHING; 
insert into Namespace (namespaceid, name, dictionary) values (3, 'Double', null) ON CONFLICT DO NOTHING; 
insert into Namespace (namespaceid, name, dictionary, hasUri, hasId, fileIdentifier) values (4, 'NCBI Taxonomy', 'https://www.ncbi.nlm.nih.gov/taxonomy', FALSE, TRUE, 'species.txt.gz') ON CONFLICT DO NOTHING; 
insert into Namespace (namespaceid, name, dictionary) values (5, 'Paper', null) ON CONFLICT DO NOTHING; 
insert into Namespace (namespaceid, name, dictionary, hasUri, hasId, fileIdentifier) values (6, 'UBERON', 'http://purl.obolibrary.org/obo/uberon.owl', TRUE, TRUE, 'uberon-base.txt') ON CONFLICT DO NOTHING; 
insert into Namespace (namespaceid, name, dictionary, hasUri, hasId, fileIdentifier) values (7, 'Cellosaurus', 'https://www.cellosaurus.org/', FALSE, TRUE, 'cellline.txt.gz') ON CONFLICT DO NOTHING; 
insert into Namespace (namespaceid, name, dictionary, hasUri, hasId, fileIdentifier) values (8, 'Disease', 'http://purl.obolibrary.org/obo/doid.owl', TRUE, TRUE, 'doid-base.txt') ON CONFLICT DO NOTHING; 
insert into Namespace (namespaceid, name, dictionary, hasUri, hasId, fileIdentifier) values (9, 'Boolean', null, FALSE, FALSE, 'boolean.txt') ON CONFLICT DO NOTHING; 
insert into Namespace (namespaceid, name, dictionary, hasUri, hasId, fileIdentifier) values (10, 'Glycan Function', 'https://www.glygen.org/dictionary/glycan_function', FALSE, FALSE, 'function.txt') ON CONFLICT DO NOTHING; 
insert into Namespace (namespaceid, name, dictionary, hasUri, hasId, fileIdentifier) values (11, 'Experimental technique', 'https://www.glygen.org/dictionary/experimental_technique', FALSE, FALSE, 'experiment.txt') ON CONFLICT DO NOTHING; 
insert into Namespace (namespaceid, name, dictionary, hasUri, hasId, fileIdentifier) values (12, 'Human Phenotype', 'https://hpo.jax.org/app/', TRUE, TRUE, 'hp.txt') ON CONFLICT DO NOTHING; 
insert into Namespace (namespaceid, name, dictionary) values (13, 'BCO contributor', null) ON CONFLICT DO NOTHING; 
insert into Category (categoryid, name, description) values(1, 'GlyGen Glycomics Data', 'Metadata required for the data export into the GlyGen Glycomics Data format.')  ON CONFLICT DO NOTHING; 
insert into Datatype (datatypeid, name, description, uri, multiple, namespaceid) values (2, 'Evidence', 'PMID or DOI', 'https://www.glygen.org/datatype/2', TRUE, 5) ON CONFLICT DO NOTHING;
insert into Datatype (datatypeid, name, description, uri, multiple, namespaceid) values (3, 'Species', 'From NCBI Taxonomy browser', 'https://www.glygen.org/datatype/3', FALSE, 4) ON CONFLICT DO NOTHING;
insert into Datatype (datatypeid, name, description, uri, multiple, namespaceid) values (4, 'Strain', '(Model organisms fly, yeast, mouse)  Add species number to Uniprotlink and get text name from there', 'https://www.glygen.org/datatype/4', FALSE, 1) ON CONFLICT DO NOTHING;
insert into Datatype (datatypeid, name, description, uri, multiple, namespaceid) values (5, 'Tissue', 'From Uberon', 'https://www.glygen.org/datatype/5', FALSE, 6) ON CONFLICT DO NOTHING;
insert into Datatype (datatypeid, name, description, uri, multiple, namespaceid) values (6, 'Cell line ID', 'From Cellosaurus', 'https://www.glygen.org/datatype/6', FALSE, 7) ON CONFLICT DO NOTHING;
insert into Datatype (datatypeid, name, description, uri, multiple, namespaceid) values (7, 'Disease', 'From Human disease ontology', 'https://www.glygen.org/datatype/7', FALSE, 8) ON CONFLICT DO NOTHING;
insert into Datatype (datatypeid, name, description, uri, multiple, namespaceid) values (8, 'Glycan dictionary term ID', '', 'https://www.glygen.org/datatype/8', FALSE, 1) ON CONFLICT DO NOTHING;
insert into Datatype (datatypeid, name, description, uri, multiple, namespaceid) values (9, 'has_abundance', 'Are there numbers associated with the amount present in a sample', 'https://www.glygen.org/datatype/9', FALSE, 9) ON CONFLICT DO NOTHING;
insert into Datatype (datatypeid, name, description, uri, multiple, namespaceid) values (10, 'has_expression', 'yes or no', 'https://www.glygen.org/datatype/10', FALSE, 9) ON CONFLICT DO NOTHING;
insert into Datatype (datatypeid, name, description, uri, multiple, namespaceid) values (11, 'Functional annotation/Keyword', '', 'https://www.glygen.org/datatype/11', TRUE, 10) ON CONFLICT DO NOTHING;
insert into Datatype (datatypeid, name, description, uri, multiple, namespaceid) values (12, 'Experimental technique', '', 'https://www.glygen.org/datatype/12', TRUE, 11) ON CONFLICT DO NOTHING;
insert into Datatype (datatypeid, name, description, uri, multiple, namespaceid) values (13, 'Variant (Fly, yeast, mouse)', 'Gene name and position (if known) as text', 'https://www.glygen.org/datatype/13', FALSE, 1) ON CONFLICT DO NOTHING;
insert into Datatype (datatypeid, name, description, uri, multiple, namespaceid) values (14, 'Organismal/cellular Phenotype', 'HPO (human) https://hpo.jax.org/app/', 'https://www.glygen.org/datatype/14', FALSE, 12) ON CONFLICT DO NOTHING;
insert into Datatype (datatypeid, name, description, uri, multiple, namespaceid) values (15, 'Molecular Phenotype', 'Gene name', 'https://www.glygen.org/datatype/15', FALSE, 1) ON CONFLICT DO NOTHING;
insert into Datatype (datatypeid, name, description, uri, multiple, namespaceid) values (16, 'Contributor', 'If you are curating the paper use curatedBy, if you are using a software/tool/code to add information to the dataset use createdWith. For final dataset to be integrated GW will use createdBy. If the initial dataset is shared to you by a researcher use contributedBy or authoredBy whichever is applicable as per this. There is no need to add corresponding author or other author name list if curating the paper by yourself.', 'https://www.glygen.org/datatype/16', FALSE, 13) ON CONFLICT DO NOTHING;
insert into Datatype (datatypeid, name, description, uri, multiple, namespaceid) values (17, 'Comment', 'Additional comments', 'https://www.glygen.org/datatype/17', FALSE, 1) ON CONFLICT DO NOTHING;
insert into datatype_category (datatypeid, categoryid) values (2, 1) ON CONFLICT DO NOTHING;
insert into datatype_category (datatypeid, categoryid, mandatory) values (3, 1, TRUE) ON CONFLICT DO NOTHING;
insert into datatype_category (datatypeid, categoryid) values (4, 1) on conflict do nothing;
insert into datatype_category (datatypeid, categoryid) values (5, 1) on conflict do nothing;
insert into datatype_category (datatypeid, categoryid) values (6, 1) on conflict do nothing;
insert into datatype_category (datatypeid, categoryid) values (7, 1) on conflict do nothing;
insert into datatype_category (datatypeid, categoryid) values (8, 1) on conflict do nothing;
insert into datatype_category (datatypeid, categoryid, mandatory) values (9, 1, TRUE) on conflict do nothing;
insert into datatype_category (datatypeid, categoryid, mandatory) values (10, 1, TRUE) on conflict do nothing;
insert into datatype_category (datatypeid, categoryid) values (11, 1) on conflict do nothing;
insert into datatype_category (datatypeid, categoryid, mandatory) values (12, 1, TRUE) on conflict do nothing;
insert into datatype_category (datatypeid, categoryid) values (13, 1) on conflict do nothing;
insert into datatype_category (datatypeid, categoryid) values (14, 1) on conflict do nothing;
insert into datatype_category (datatypeid, categoryid) values (15, 1) on conflict do nothing;
insert into datatype_category (datatypeid, categoryid, mandatory) values (16, 1, TRUE) on conflict do nothing;
insert into datatype_category (datatypeid, categoryid) values (17, 1) on conflict do nothing;
insert into tablemakertemplate (templateid, name, description) values (1, 'GlyGen', 'Template for submitting glycans to GlyGen') on conflict do nothing;
insert into table_column (columnid, name, glycancolumn, column_order) values (1, 'GlyTouCan ID', 'GLYTOUCANID',  1) ON CONFLICT DO NOTHING;
insert into table_column (columnid, name, datatypeid, valuetype, column_order) values (2, 'Evidence', 2, 'VALUE', 2) ON CONFLICT DO NOTHING;
insert into table_column (columnid, name, datatypeid, valuetype, column_order) values (3, 'Species', 3, 'ID', 3) ON CONFLICT DO NOTHING;
insert into table_column (columnid, name, datatypeid, valuetype, column_order) values (4, 'Strain', 4, 'VALUE', 4) ON CONFLICT DO NOTHING;
insert into table_column (columnid, name, datatypeid, valuetype, column_order) values (5, 'Tissue', 5, 'ID', 5) ON CONFLICT DO NOTHING;
insert into table_column (columnid, name, datatypeid, valuetype, column_order) values (6, 'Cell line ID', 6, 'ID', 5) ON CONFLICT DO NOTHING;
insert into table_column (columnid, name, datatypeid, valuetype, column_order) values (7, 'Disease', 7, 'ID', 7) ON CONFLICT DO NOTHING;
insert into table_column (columnid, name, datatypeid, valuetype, column_order) values (8, 'Glycan dictionary term ID', 8, 'VALUE', 8) ON CONFLICT DO NOTHING;
insert into table_column (columnid, name, datatypeid, valuetype, column_order) values (9, 'has_abundance', 9, 'VALUE', 9) ON CONFLICT DO NOTHING;
insert into table_column (columnid, name, datatypeid, valuetype, column_order) values (10, 'has_expression', 10, 'VALUE', 10) ON CONFLICT DO NOTHING;
insert into table_column (columnid, name, datatypeid, valuetype, column_order) values (11, 'Functional annotation/Keyword', 11, 'VALUE', 11) ON CONFLICT DO NOTHING;
insert into table_column (columnid, name, datatypeid, valuetype, column_order) values (12, 'Experimental technique', 12, 'VALUE', 12) ON CONFLICT DO NOTHING;
insert into table_column (columnid, name, datatypeid, valuetype, column_order) values (13, 'Variant (Fly, yeast, mouse)', 13, 'VALUE', 13) ON CONFLICT DO NOTHING;
insert into table_column (columnid, name, datatypeid, valuetype, column_order) values (14, 'Organismal/cellular Phenotype', 14, 'ID', 14) ON CONFLICT DO NOTHING;
insert into table_column (columnid, name, datatypeid, valuetype, column_order) values (15, 'Molecular Phenotype', 15, 'VALUE', 15) ON CONFLICT DO NOTHING;
insert into table_column (columnid, name, datatypeid, valuetype, column_order) values (16, 'Contributor', 16, 'VALUE', 16) ON CONFLICT DO NOTHING;
insert into table_column (columnid, name, datatypeid, valuetype, column_order) values (17, 'Comment', 17, 'VALUE', 17) ON CONFLICT DO NOTHING;
insert into tablemakertemplate_table_column (columnid, templateid) values (1, 1) ON CONFLICT DO NOTHING;
insert into tablemakertemplate_table_column (columnid, templateid) values (2, 1) ON CONFLICT DO NOTHING;
insert into tablemakertemplate_table_column (columnid, templateid) values (3, 1) ON CONFLICT DO NOTHING;
insert into tablemakertemplate_table_column (columnid, templateid) values (4, 1) on conflict do nothing;
insert into tablemakertemplate_table_column (columnid, templateid) values (5, 1) on conflict do nothing;
insert into tablemakertemplate_table_column (columnid, templateid) values (6, 1) on conflict do nothing;
insert into tablemakertemplate_table_column (columnid, templateid) values (7, 1) on conflict do nothing;
insert into tablemakertemplate_table_column (columnid, templateid) values (8, 1) on conflict do nothing;
insert into tablemakertemplate_table_column (columnid, templateid) values (9, 1) on conflict do nothing;
insert into tablemakertemplate_table_column (columnid, templateid) values (10, 1) on conflict do nothing;
insert into tablemakertemplate_table_column (columnid, templateid) values (11, 1) on conflict do nothing;
insert into tablemakertemplate_table_column (columnid, templateid) values (12, 1) on conflict do nothing;
insert into tablemakertemplate_table_column (columnid, templateid) values (13, 1) on conflict do nothing;
insert into tablemakertemplate_table_column (columnid, templateid) values (14, 1) on conflict do nothing;
insert into tablemakertemplate_table_column (columnid, templateid) values (15, 1) on conflict do nothing;
insert into tablemakertemplate_table_column (columnid, templateid) values (16, 1) on conflict do nothing;
insert into tablemakertemplate_table_column (columnid, templateid) values (17, 1) on conflict do nothing;